OID;ZeldinioGr;Zeldyno_ko;Invent_dat;USR_ID;LASTUPDATE;DELETED;METOD;SHAPE_area;SHAPE_len
-1;1;;;;;;m23;0,000000000000000;0,000000000000000
-1;2;;;;;;m23;0,000000000000000;0,000000000000000
-1;3;;;;;;m23;0,000000000000000;0,000000000000000
-1;4;;;;;;m23;0,000000000000000;0,000000000000000
-1;5;;;;;;m23;0,000000000000000;0,000000000000000
-1;6;;;;;;m23;0,000000000000000;0,000000000000000
-1;7;;;;;;m23;0,000000000000000;0,000000000000000
-1;8;;;;;;m23;0,000000000000000;0,000000000000000
-1;9;;;;;;m23;0,000000000000000;0,000000000000000
-1;10;;;;;;m23;0,000000000000000;0,000000000000000
-1;11;;;;;;m23;0,000000000000000;0,000000000000000
-1;12;;;;;;m23;0,000000000000000;0,000000000000000
-1;13;;;;;;m23;0,000000000000000;0,000000000000000
-1;14;;;;;;m23;0,000000000000000;0,000000000000000
-1;15;;;;;;m23;0,000000000000000;0,000000000000000
-1;16;;;;;;m23;0,000000000000000;0,000000000000000
-1;17;;;;;;m23;0,000000000000000;0,000000000000000
-1;18;;;;;;m23;0,000000000000000;0,000000000000000
-1;19;;;;;;m23;0,000000000000000;0,000000000000000
-1;20;;;;;;m23;0,000000000000000;0,000000000000000
-1;21;;;;;;m23;0,000000000000000;0,000000000000000
-1;22;;;;;;m23;0,000000000000000;0,000000000000000
-1;23;;;;;;m23;0,000000000000000;0,000000000000000
-1;24;;;;;;m23;0,000000000000000;0,000000000000000
-1;25;;;;;;m23;0,000000000000000;0,000000000000000
-1;26;;;;;;m23;0,000000000000000;0,000000000000000
-1;27;;;;;;m23;0,000000000000000;0,000000000000000
-1;28;;;;;;m23;0,000000000000000;0,000000000000000
-1;29;;;;;;m23;0,000000000000000;0,000000000000000
-1;30;;;;;;m23;0,000000000000000;0,000000000000000
-1;31;;;;;;m23;0,000000000000000;0,000000000000000
-1;32;;;;;;m23;0,000000000000000;0,000000000000000
-1;33;;;;;;m23;0,000000000000000;0,000000000000000
-1;34;;;;;;m23;0,000000000000000;0,000000000000000
-1;35;;;;;;m23;0,000000000000000;0,000000000000000
-1;36;;;;;;m23;0,000000000000000;0,000000000000000
-1;37;;;;;;m23;0,000000000000000;0,000000000000000
-1;38;;;;;;m23;0,000000000000000;0,000000000000000
-1;39;;;;;;m23;0,000000000000000;0,000000000000000
-1;40;;;;;;m23;0,000000000000000;0,000000000000000
-1;41;;;;;;m23;0,000000000000000;0,000000000000000
-1;42;;;;;;m23;0,000000000000000;0,000000000000000
-1;43;;;;;;m23;0,000000000000000;0,000000000000000
-1;44;;;;;;m23;0,000000000000000;0,000000000000000
-1;45;;;;;;m23;0,000000000000000;0,000000000000000
-1;46;;;;;;m23;0,000000000000000;0,000000000000000
-1;47;;;;;;m23;0,000000000000000;0,000000000000000
-1;48;;;;;;m23;0,000000000000000;0,000000000000000
-1;49;;;;;;m23;0,000000000000000;0,000000000000000
-1;50;;;;;;m23;0,000000000000000;0,000000000000000
-1;51;;;;;;m23;0,000000000000000;0,000000000000000
-1;52;;;;;;m23;0,000000000000000;0,000000000000000
-1;53;;;;;;m23;0,000000000000000;0,000000000000000
-1;54;;;;;;m23;0,000000000000000;0,000000000000000
-1;55;;;;;;m23;0,000000000000000;0,000000000000000
-1;56;;;;;;m23;0,000000000000000;0,000000000000000
-1;57;;;;;;m23;0,000000000000000;0,000000000000000
-1;58;;;;;;m23;0,000000000000000;0,000000000000000
-1;59;;;;;;m23;0,000000000000000;0,000000000000000
-1;60;;;;;;m23;0,000000000000000;0,000000000000000
-1;61;;;;;;m23;0,000000000000000;0,000000000000000
-1;62;;;;;;m23;0,000000000000000;0,000000000000000
-1;63;;;;;;m23;0,000000000000000;0,000000000000000
-1;64;;;;;;m23;0,000000000000000;0,000000000000000
-1;65;;;;;;m23;0,000000000000000;0,000000000000000
-1;66;;;;;;m23;0,000000000000000;0,000000000000000
-1;67;;;;;;m23;0,000000000000000;0,000000000000000
-1;68;;;;;;m23;0,000000000000000;0,000000000000000
-1;69;;;;;;m23;0,000000000000000;0,000000000000000
-1;70;;;;;;m23;0,000000000000000;0,000000000000000
-1;71;;;;;;m23;0,000000000000000;0,000000000000000
-1;72;;;;;;m23;0,000000000000000;0,000000000000000
-1;73;;;;;;m23;0,000000000000000;0,000000000000000
-1;74;;;;;;m23;0,000000000000000;0,000000000000000
-1;75;;;;;;m23;0,000000000000000;0,000000000000000
-1;76;;;;;;m23;0,000000000000000;0,000000000000000
-1;77;;;;;;m23;0,000000000000000;0,000000000000000
-1;78;;;;;;m23;0,000000000000000;0,000000000000000
-1;79;;;;;;m23;0,000000000000000;0,000000000000000
-1;80;;;;;;m23;0,000000000000000;0,000000000000000
-1;81;;;;;;m23;0,000000000000000;0,000000000000000
-1;82;;;;;;m23;0,000000000000000;0,000000000000000
-1;83;;;;;;m23;0,000000000000000;0,000000000000000
-1;84;;;;;;m23;0,000000000000000;0,000000000000000
-1;85;;;;;;m23;0,000000000000000;0,000000000000000
-1;86;;;;;;m23;0,000000000000000;0,000000000000000
-1;87;;;;;;m23;0,000000000000000;0,000000000000000
-1;88;;;;;;m23;0,000000000000000;0,000000000000000
-1;89;;;;;;m23;0,000000000000000;0,000000000000000
-1;90;;;;;;m23;0,000000000000000;0,000000000000000
-1;91;;;;;;m23;0,000000000000000;0,000000000000000
-1;92;;;;;;m23;0,000000000000000;0,000000000000000
-1;93;;;;;;m23;0,000000000000000;0,000000000000000
-1;94;;;;;;m23;0,000000000000000;0,000000000000000
-1;95;;;;;;m23;0,000000000000000;0,000000000000000
-1;96;;;;;;m23;0,000000000000000;0,000000000000000
-1;97;;;;;;m23;0,000000000000000;0,000000000000000
-1;98;;;;;;m23;0,000000000000000;0,000000000000000
-1;99;;;;;;m23;0,000000000000000;0,000000000000000
-1;100;;;;;;m23;0,000000000000000;0,000000000000000
-1;101;;;;;;m23;0,000000000000000;0,000000000000000
-1;102;;;;;;m23;0,000000000000000;0,000000000000000
-1;103;;;;;;m23;0,000000000000000;0,000000000000000
-1;104;;;;;;m23;0,000000000000000;0,000000000000000
-1;105;;;;;;m23;0,000000000000000;0,000000000000000
-1;106;;;;;;m23;0,000000000000000;0,000000000000000
-1;107;;;;;;m23;0,000000000000000;0,000000000000000
-1;108;;;;;;m23;0,000000000000000;0,000000000000000
-1;109;;;;;;m23;0,000000000000000;0,000000000000000
-1;110;;;;;;m23;0,000000000000000;0,000000000000000
-1;111;;;;;;m23;0,000000000000000;0,000000000000000
-1;112;;;;;;m23;0,000000000000000;0,000000000000000
-1;113;;;;;;m23;0,000000000000000;0,000000000000000
-1;114;;;;;;m23;0,000000000000000;0,000000000000000
-1;115;;;;;;m23;0,000000000000000;0,000000000000000
-1;116;;;;;;m23;0,000000000000000;0,000000000000000
-1;117;;;;;;m23;0,000000000000000;0,000000000000000
-1;118;;;;;;m23;0,000000000000000;0,000000000000000
-1;119;;;;;;m23;0,000000000000000;0,000000000000000
-1;120;;;;;;m23;0,000000000000000;0,000000000000000
-1;121;;;;;;m23;0,000000000000000;0,000000000000000
-1;122;;;;;;m23;0,000000000000000;0,000000000000000
-1;123;;;;;;m23;0,000000000000000;0,000000000000000
-1;124;;;;;;m23;0,000000000000000;0,000000000000000
-1;125;;;;;;m23;0,000000000000000;0,000000000000000
-1;126;;;;;;m23;0,000000000000000;0,000000000000000
-1;127;;;;;;m23;0,000000000000000;0,000000000000000
-1;128;;;;;;m23;0,000000000000000;0,000000000000000
-1;129;;;;;;m23;0,000000000000000;0,000000000000000
-1;130;;;;;;m23;0,000000000000000;0,000000000000000
-1;131;;;;;;m23;0,000000000000000;0,000000000000000
-1;132;;;;;;m23;0,000000000000000;0,000000000000000
-1;133;;;;;;m23;0,000000000000000;0,000000000000000
-1;134;;;;;;m23;0,000000000000000;0,000000000000000
-1;135;;;;;;m23;0,000000000000000;0,000000000000000
-1;136;;;;;;m23;0,000000000000000;0,000000000000000
-1;137;;;;;;m23;0,000000000000000;0,000000000000000
-1;138;;;;;;m23;0,000000000000000;0,000000000000000
-1;139;;;;;;m23;0,000000000000000;0,000000000000000
-1;140;;;;;;m23;0,000000000000000;0,000000000000000
-1;141;;;;;;m23;0,000000000000000;0,000000000000000
-1;142;;;;;;m23;0,000000000000000;0,000000000000000
-1;143;;;;;;m23;0,000000000000000;0,000000000000000
-1;144;;;;;;m23;0,000000000000000;0,000000000000000
-1;145;;;;;;m23;0,000000000000000;0,000000000000000
-1;146;;;;;;m23;0,000000000000000;0,000000000000000
-1;147;;;;;;m23;0,000000000000000;0,000000000000000
-1;148;;;;;;m23;0,000000000000000;0,000000000000000
-1;149;;;;;;m23;0,000000000000000;0,000000000000000
-1;150;;;;;;m23;0,000000000000000;0,000000000000000
-1;151;;;;;;m23;0,000000000000000;0,000000000000000
-1;152;;;;;;m23;0,000000000000000;0,000000000000000
-1;153;;;;;;m23;0,000000000000000;0,000000000000000
-1;154;;;;;;m23;0,000000000000000;0,000000000000000
-1;155;;;;;;m23;0,000000000000000;0,000000000000000
-1;156;;;;;;m23;0,000000000000000;0,000000000000000
-1;157;;;;;;m23;0,000000000000000;0,000000000000000
-1;158;;;;;;m23;0,000000000000000;0,000000000000000
-1;159;;;;;;m23;0,000000000000000;0,000000000000000
-1;160;;;;;;m23;0,000000000000000;0,000000000000000
-1;161;;;;;;m23;0,000000000000000;0,000000000000000
-1;162;;;;;;m23;0,000000000000000;0,000000000000000
-1;163;;;;;;m23;0,000000000000000;0,000000000000000
-1;164;;;;;;m23;0,000000000000000;0,000000000000000
-1;165;;;;;;m23;0,000000000000000;0,000000000000000
-1;166;;;;;;m23;0,000000000000000;0,000000000000000
-1;167;;;;;;m23;0,000000000000000;0,000000000000000
-1;168;;;;;;m23;0,000000000000000;0,000000000000000
-1;169;;;;;;m23;0,000000000000000;0,000000000000000
-1;170;;;;;;m23;0,000000000000000;0,000000000000000
-1;171;;;;;;m23;0,000000000000000;0,000000000000000
-1;172;;;;;;m23;0,000000000000000;0,000000000000000
-1;173;;;;;;m23;0,000000000000000;0,000000000000000
-1;174;;;;;;m23;0,000000000000000;0,000000000000000
-1;175;;;;;;m23;0,000000000000000;0,000000000000000
-1;176;;;;;;m23;0,000000000000000;0,000000000000000
-1;177;;;;;;m23;0,000000000000000;0,000000000000000
-1;178;;;;;;m23;0,000000000000000;0,000000000000000
-1;179;;;;;;m23;0,000000000000000;0,000000000000000
-1;180;;;;;;m23;0,000000000000000;0,000000000000000
-1;181;;;;;;m23;0,000000000000000;0,000000000000000
-1;182;;;;;;m23;0,000000000000000;0,000000000000000
-1;183;;;;;;m23;0,000000000000000;0,000000000000000
-1;184;;;;;;m23;0,000000000000000;0,000000000000000
-1;185;;;;;;m23;0,000000000000000;0,000000000000000
-1;186;;;;;;m23;0,000000000000000;0,000000000000000
-1;187;;;;;;m23;0,000000000000000;0,000000000000000
-1;188;;;;;;m23;0,000000000000000;0,000000000000000
-1;189;;;;;;m23;0,000000000000000;0,000000000000000
-1;190;;;;;;m23;0,000000000000000;0,000000000000000
-1;191;;;;;;m23;0,000000000000000;0,000000000000000
-1;192;;;;;;m23;0,000000000000000;0,000000000000000
-1;193;;;;;;m23;0,000000000000000;0,000000000000000
-1;194;;;;;;m23;0,000000000000000;0,000000000000000
-1;195;;;;;;m23;0,000000000000000;0,000000000000000
-1;196;;;;;;m23;0,000000000000000;0,000000000000000
-1;197;;;;;;m23;0,000000000000000;0,000000000000000
-1;198;;;;;;m23;0,000000000000000;0,000000000000000
-1;199;;;;;;m23;0,000000000000000;0,000000000000000
-1;200;;;;;;m23;0,000000000000000;0,000000000000000
-1;201;;;;;;m23;0,000000000000000;0,000000000000000
-1;202;;;;;;m23;0,000000000000000;0,000000000000000
-1;203;;;;;;m23;0,000000000000000;0,000000000000000
-1;204;;;;;;m23;0,000000000000000;0,000000000000000
-1;205;;;;;;m23;0,000000000000000;0,000000000000000
-1;206;;;;;;m23;0,000000000000000;0,000000000000000
-1;207;;;;;;m23;0,000000000000000;0,000000000000000
-1;208;;;;;;m23;0,000000000000000;0,000000000000000
-1;209;;;;;;m23;0,000000000000000;0,000000000000000
-1;210;;;;;;m23;0,000000000000000;0,000000000000000
-1;211;;;;;;m23;0,000000000000000;0,000000000000000
-1;212;;;;;;m23;0,000000000000000;0,000000000000000
-1;213;;;;;;m23;0,000000000000000;0,000000000000000
-1;214;;;;;;m23;0,000000000000000;0,000000000000000
-1;215;;;;;;m23;0,000000000000000;0,000000000000000
-1;216;;;;;;m23;0,000000000000000;0,000000000000000
-1;217;;;;;;m23;0,000000000000000;0,000000000000000
-1;218;;;;;;m23;0,000000000000000;0,000000000000000
-1;219;;;;;;m23;0,000000000000000;0,000000000000000
-1;220;;;;;;m23;0,000000000000000;0,000000000000000
-1;221;;;;;;m23;0,000000000000000;0,000000000000000
-1;222;;;;;;m23;0,000000000000000;0,000000000000000
-1;223;;;;;;m23;0,000000000000000;0,000000000000000
-1;224;;;;;;m23;0,000000000000000;0,000000000000000
-1;225;;;;;;m23;0,000000000000000;0,000000000000000
-1;226;;;;;;m23;0,000000000000000;0,000000000000000
-1;227;;;;;;m23;0,000000000000000;0,000000000000000
-1;228;;;;;;m23;0,000000000000000;0,000000000000000
-1;229;;;;;;m23;0,000000000000000;0,000000000000000
-1;230;;;;;;m23;0,000000000000000;0,000000000000000
-1;231;;;;;;m23;0,000000000000000;0,000000000000000
-1;232;;;;;;m23;0,000000000000000;0,000000000000000
-1;233;;;;;;m23;0,000000000000000;0,000000000000000
-1;234;;;;;;m23;0,000000000000000;0,000000000000000
-1;235;;;;;;m23;0,000000000000000;0,000000000000000
-1;236;;;;;;m23;0,000000000000000;0,000000000000000
-1;237;;;;;;m23;0,000000000000000;0,000000000000000
-1;238;;;;;;m23;0,000000000000000;0,000000000000000
-1;239;;;;;;m23;0,000000000000000;0,000000000000000
-1;240;;;;;;m23;0,000000000000000;0,000000000000000
-1;241;;;;;;m23;0,000000000000000;0,000000000000000
-1;242;;;;;;m23;0,000000000000000;0,000000000000000
-1;243;;;;;;m23;0,000000000000000;0,000000000000000
-1;244;;;;;;m23;0,000000000000000;0,000000000000000
-1;245;;;;;;m23;0,000000000000000;0,000000000000000
-1;246;;;;;;m23;0,000000000000000;0,000000000000000
-1;247;;;;;;m23;0,000000000000000;0,000000000000000
-1;248;;;;;;m23;0,000000000000000;0,000000000000000
-1;249;;;;;;m23;0,000000000000000;0,000000000000000
-1;250;;;;;;m23;0,000000000000000;0,000000000000000
-1;251;;;;;;m23;0,000000000000000;0,000000000000000
-1;252;;;;;;m23;0,000000000000000;0,000000000000000
-1;253;;;;;;m23;0,000000000000000;0,000000000000000
-1;254;;;;;;m23;0,000000000000000;0,000000000000000
-1;255;;;;;;m23;0,000000000000000;0,000000000000000
-1;256;;;;;;m23;0,000000000000000;0,000000000000000
-1;257;;;;;;m23;0,000000000000000;0,000000000000000
-1;258;;;;;;m23;0,000000000000000;0,000000000000000
-1;259;;;;;;m23;0,000000000000000;0,000000000000000
-1;260;;;;;;m23;0,000000000000000;0,000000000000000
-1;261;;;;;;m23;0,000000000000000;0,000000000000000
-1;262;;;;;;m23;0,000000000000000;0,000000000000000
-1;263;;;;;;m23;0,000000000000000;0,000000000000000
-1;264;;;;;;m23;0,000000000000000;0,000000000000000
-1;265;;;;;;m23;0,000000000000000;0,000000000000000
-1;266;;;;;;m23;0,000000000000000;0,000000000000000
-1;267;;;;;;m23;0,000000000000000;0,000000000000000
-1;268;;;;;;m23;0,000000000000000;0,000000000000000
-1;269;;;;;;m23;0,000000000000000;0,000000000000000
-1;270;;;;;;m23;0,000000000000000;0,000000000000000
-1;271;;;;;;m23;0,000000000000000;0,000000000000000
-1;272;;;;;;m23;0,000000000000000;0,000000000000000
-1;273;;;;;;m23;0,000000000000000;0,000000000000000
-1;274;;;;;;m23;0,000000000000000;0,000000000000000
-1;275;;;;;;m23;0,000000000000000;0,000000000000000
-1;276;;;;;;m23;0,000000000000000;0,000000000000000
-1;277;;;;;;m23;0,000000000000000;0,000000000000000
-1;278;;;;;;m23;0,000000000000000;0,000000000000000
-1;279;;;;;;m23;0,000000000000000;0,000000000000000
-1;280;;;;;;m23;0,000000000000000;0,000000000000000
-1;281;;;;;;m23;0,000000000000000;0,000000000000000
-1;282;;;;;;m23;0,000000000000000;0,000000000000000
-1;283;;;;;;m23;0,000000000000000;0,000000000000000
-1;284;;;;;;m23;0,000000000000000;0,000000000000000
-1;285;;;;;;m23;0,000000000000000;0,000000000000000
-1;286;;;;;;m23;0,000000000000000;0,000000000000000
-1;287;;;;;;m23;0,000000000000000;0,000000000000000
-1;288;;;;;;m23;0,000000000000000;0,000000000000000
-1;289;;;;;;m23;0,000000000000000;0,000000000000000
-1;290;;;;;;m23;0,000000000000000;0,000000000000000
-1;291;;;;;;m23;0,000000000000000;0,000000000000000
-1;292;;;;;;m23;0,000000000000000;0,000000000000000
-1;293;;;;;;m23;0,000000000000000;0,000000000000000
-1;294;;;;;;m23;0,000000000000000;0,000000000000000
-1;295;;;;;;m23;0,000000000000000;0,000000000000000
-1;296;;;;;;m23;0,000000000000000;0,000000000000000
-1;297;;;;;;m23;0,000000000000000;0,000000000000000
-1;298;;;;;;m23;0,000000000000000;0,000000000000000
-1;299;;;;;;m23;0,000000000000000;0,000000000000000
-1;300;;;;;;m23;0,000000000000000;0,000000000000000
-1;301;;;;;;m23;0,000000000000000;0,000000000000000
-1;302;;;;;;m23;0,000000000000000;0,000000000000000
-1;303;;;;;;m23;0,000000000000000;0,000000000000000
-1;304;;;;;;m23;0,000000000000000;0,000000000000000
-1;305;;;;;;m23;0,000000000000000;0,000000000000000
-1;306;;;;;;m23;0,000000000000000;0,000000000000000
-1;307;;;;;;m23;0,000000000000000;0,000000000000000
-1;308;;;;;;m23;0,000000000000000;0,000000000000000
-1;309;;;;;;m23;0,000000000000000;0,000000000000000
-1;310;;;;;;m23;0,000000000000000;0,000000000000000
-1;311;;;;;;m23;0,000000000000000;0,000000000000000
-1;312;;;;;;m23;0,000000000000000;0,000000000000000
-1;313;;;;;;m23;0,000000000000000;0,000000000000000
-1;314;;;;;;m23;0,000000000000000;0,000000000000000
-1;315;;;;;;m23;0,000000000000000;0,000000000000000
-1;316;;;;;;m23;0,000000000000000;0,000000000000000
-1;317;;;;;;m23;0,000000000000000;0,000000000000000
-1;318;;;;;;m23;0,000000000000000;0,000000000000000
-1;319;;;;;;m23;0,000000000000000;0,000000000000000
-1;320;;;;;;m23;0,000000000000000;0,000000000000000
-1;321;;;;;;m23;0,000000000000000;0,000000000000000
-1;322;;;;;;m23;0,000000000000000;0,000000000000000
-1;323;;;;;;m23;0,000000000000000;0,000000000000000
-1;324;;;;;;m23;0,000000000000000;0,000000000000000
-1;325;;;;;;m23;0,000000000000000;0,000000000000000
-1;326;;;;;;m23;0,000000000000000;0,000000000000000
-1;327;;;;;;m23;0,000000000000000;0,000000000000000
-1;328;;;;;;m23;0,000000000000000;0,000000000000000
-1;329;;;;;;m23;0,000000000000000;0,000000000000000
-1;330;;;;;;m23;0,000000000000000;0,000000000000000
-1;331;;;;;;m23;0,000000000000000;0,000000000000000
-1;332;;;;;;m23;0,000000000000000;0,000000000000000
-1;333;;;;;;m23;0,000000000000000;0,000000000000000
-1;334;;;;;;m23;0,000000000000000;0,000000000000000
-1;335;;;;;;m23;0,000000000000000;0,000000000000000
-1;336;;;;;;m23;0,000000000000000;0,000000000000000
-1;337;;;;;;m23;0,000000000000000;0,000000000000000
-1;338;;;;;;m23;0,000000000000000;0,000000000000000
-1;339;;;;;;m23;0,000000000000000;0,000000000000000
-1;340;;;;;;m23;0,000000000000000;0,000000000000000
-1;341;;;;;;m23;0,000000000000000;0,000000000000000
-1;342;;;;;;m23;0,000000000000000;0,000000000000000
-1;343;;;;;;m23;0,000000000000000;0,000000000000000
-1;344;;;;;;m23;0,000000000000000;0,000000000000000
-1;345;;;;;;m23;0,000000000000000;0,000000000000000
-1;346;;;;;;m23;0,000000000000000;0,000000000000000
-1;347;;;;;;m23;0,000000000000000;0,000000000000000
-1;348;;;;;;m23;0,000000000000000;0,000000000000000
-1;349;;;;;;m23;0,000000000000000;0,000000000000000
-1;350;;;;;;m23;0,000000000000000;0,000000000000000
-1;351;;;;;;m23;0,000000000000000;0,000000000000000
-1;352;;;;;;m23;0,000000000000000;0,000000000000000
-1;353;;;;;;m23;0,000000000000000;0,000000000000000
-1;354;;;;;;m23;0,000000000000000;0,000000000000000
-1;355;;;;;;m23;0,000000000000000;0,000000000000000
-1;356;;;;;;m23;0,000000000000000;0,000000000000000
-1;357;;;;;;m23;0,000000000000000;0,000000000000000
-1;358;;;;;;m23;0,000000000000000;0,000000000000000
-1;359;;;;;;m23;0,000000000000000;0,000000000000000
-1;360;;;;;;m23;0,000000000000000;0,000000000000000
-1;361;;;;;;m23;0,000000000000000;0,000000000000000
-1;362;;;;;;m23;0,000000000000000;0,000000000000000
-1;363;;;;;;m23;0,000000000000000;0,000000000000000
-1;364;;;;;;m23;0,000000000000000;0,000000000000000
-1;365;;;;;;m23;0,000000000000000;0,000000000000000
-1;366;;;;;;m23;0,000000000000000;0,000000000000000
-1;367;;;;;;m23;0,000000000000000;0,000000000000000
-1;368;;;;;;m23;0,000000000000000;0,000000000000000
-1;369;;;;;;m23;0,000000000000000;0,000000000000000
-1;370;;;;;;m23;0,000000000000000;0,000000000000000
-1;371;;;;;;m23;0,000000000000000;0,000000000000000
-1;372;;;;;;m23;0,000000000000000;0,000000000000000
-1;373;;;;;;m23;0,000000000000000;0,000000000000000
-1;374;;;;;;m23;0,000000000000000;0,000000000000000
-1;375;;;;;;m23;0,000000000000000;0,000000000000000
-1;376;;;;;;m23;0,000000000000000;0,000000000000000
-1;377;;;;;;m23;0,000000000000000;0,000000000000000
-1;378;;;;;;m23;0,000000000000000;0,000000000000000
-1;379;;;;;;m23;0,000000000000000;0,000000000000000
-1;380;;;;;;m23;0,000000000000000;0,000000000000000
-1;381;;;;;;m23;0,000000000000000;0,000000000000000
-1;382;;;;;;m23;0,000000000000000;0,000000000000000
-1;383;;;;;;m23;0,000000000000000;0,000000000000000
-1;384;;;;;;m23;0,000000000000000;0,000000000000000
-1;385;;;;;;m23;0,000000000000000;0,000000000000000
-1;386;;;;;;m23;0,000000000000000;0,000000000000000
-1;387;;;;;;m23;0,000000000000000;0,000000000000000
-1;388;;;;;;m23;0,000000000000000;0,000000000000000
-1;389;;;;;;m23;0,000000000000000;0,000000000000000
-1;390;;;;;;m23;0,000000000000000;0,000000000000000
-1;391;;;;;;m23;0,000000000000000;0,000000000000000
-1;392;;;;;;m23;0,000000000000000;0,000000000000000
-1;393;;;;;;m23;0,000000000000000;0,000000000000000
-1;394;;;;;;m23;0,000000000000000;0,000000000000000
-1;395;;;;;;m23;0,000000000000000;0,000000000000000
-1;396;;;;;;m23;0,000000000000000;0,000000000000000
-1;397;;;;;;m23;0,000000000000000;0,000000000000000
-1;398;;;;;;m23;0,000000000000000;0,000000000000000
-1;399;;;;;;m23;0,000000000000000;0,000000000000000
-1;400;;;;;;m23;0,000000000000000;0,000000000000000
-1;401;;;;;;m23;0,000000000000000;0,000000000000000
-1;402;;;;;;m23;0,000000000000000;0,000000000000000
-1;403;;;;;;m23;0,000000000000000;0,000000000000000
-1;404;;;;;;m23;0,000000000000000;0,000000000000000
-1;405;;;;;;m23;0,000000000000000;0,000000000000000
-1;406;;;;;;m23;0,000000000000000;0,000000000000000
-1;407;;;;;;m23;0,000000000000000;0,000000000000000
-1;408;;;;;;m23;0,000000000000000;0,000000000000000
-1;409;;;;;;m23;0,000000000000000;0,000000000000000
-1;410;;;;;;m23;0,000000000000000;0,000000000000000
-1;411;;;;;;m23;0,000000000000000;0,000000000000000
-1;412;;;;;;m23;0,000000000000000;0,000000000000000
-1;413;;;;;;m23;0,000000000000000;0,000000000000000
-1;414;;;;;;m23;0,000000000000000;0,000000000000000
-1;415;;;;;;m23;0,000000000000000;0,000000000000000
-1;416;;;;;;m23;0,000000000000000;0,000000000000000
-1;417;;;;;;m23;0,000000000000000;0,000000000000000
-1;418;;;;;;m23;0,000000000000000;0,000000000000000
-1;419;;;;;;m23;0,000000000000000;0,000000000000000
-1;420;;;;;;m23;0,000000000000000;0,000000000000000
-1;421;;;;;;m23;0,000000000000000;0,000000000000000
-1;422;;;;;;m23;0,000000000000000;0,000000000000000
-1;423;;;;;;m23;0,000000000000000;0,000000000000000
-1;424;;;;;;m23;0,000000000000000;0,000000000000000
-1;425;;;;;;m23;0,000000000000000;0,000000000000000
-1;426;;;;;;m23;0,000000000000000;0,000000000000000
-1;427;;;;;;m23;0,000000000000000;0,000000000000000
-1;428;;;;;;m23;0,000000000000000;0,000000000000000
-1;429;;;;;;m23;0,000000000000000;0,000000000000000
-1;430;;;;;;m23;0,000000000000000;0,000000000000000
-1;431;;;;;;m23;0,000000000000000;0,000000000000000
-1;432;;;;;;m23;0,000000000000000;0,000000000000000
-1;433;;;;;;m23;0,000000000000000;0,000000000000000
-1;434;;;;;;m23;0,000000000000000;0,000000000000000
-1;435;;;;;;m23;0,000000000000000;0,000000000000000
-1;436;;;;;;m23;0,000000000000000;0,000000000000000
-1;437;;;;;;m23;0,000000000000000;0,000000000000000
-1;438;;;;;;m23;0,000000000000000;0,000000000000000
-1;439;;;;;;m23;0,000000000000000;0,000000000000000
-1;440;;;;;;m23;0,000000000000000;0,000000000000000
-1;441;;;;;;m23;0,000000000000000;0,000000000000000
-1;442;;;;;;m23;0,000000000000000;0,000000000000000
-1;443;;;;;;m23;0,000000000000000;0,000000000000000
-1;444;;;;;;m23;0,000000000000000;0,000000000000000
-1;445;;;;;;m23;0,000000000000000;0,000000000000000
-1;446;;;;;;m23;0,000000000000000;0,000000000000000
-1;447;;;;;;m23;0,000000000000000;0,000000000000000
-1;448;;;;;;m23;0,000000000000000;0,000000000000000
-1;449;;;;;;m23;0,000000000000000;0,000000000000000
-1;450;7;;;;;m23;0,000000000000000;0,000000000000000
-1;451;;;;;;m23;0,000000000000000;0,000000000000000
-1;452;;;;;;m23;0,000000000000000;0,000000000000000
-1;453;;;;;;m23;0,000000000000000;0,000000000000000
-1;454;;;;;;m23;0,000000000000000;0,000000000000000
-1;455;;;;;;m23;0,000000000000000;0,000000000000000
-1;456;;;;;;m23;0,000000000000000;0,000000000000000
-1;457;;;;;;m23;0,000000000000000;0,000000000000000
-1;458;;;;;;m23;0,000000000000000;0,000000000000000
-1;459;;;;;;m23;0,000000000000000;0,000000000000000
-1;460;;;;;;m23;0,000000000000000;0,000000000000000
-1;461;;;;;;m23;0,000000000000000;0,000000000000000
-1;462;;;;;;m23;0,000000000000000;0,000000000000000
-1;463;;;;;;m23;0,000000000000000;0,000000000000000
-1;464;;;;;;m23;0,000000000000000;0,000000000000000
-1;465;;;;;;m23;0,000000000000000;0,000000000000000
-1;466;;;;;;m23;0,000000000000000;0,000000000000000
-1;467;;;;;;m23;0,000000000000000;0,000000000000000
-1;468;;;;;;m23;0,000000000000000;0,000000000000000
-1;469;;;;;;m23;0,000000000000000;0,000000000000000
-1;470;;;;;;m23;0,000000000000000;0,000000000000000
-1;471;;;;;;m23;0,000000000000000;0,000000000000000
-1;472;;;;;;m23;0,000000000000000;0,000000000000000
-1;473;;;;;;m23;0,000000000000000;0,000000000000000
-1;474;;;;;;m23;0,000000000000000;0,000000000000000
-1;475;;;;;;m23;0,000000000000000;0,000000000000000
-1;476;;;;;;m23;0,000000000000000;0,000000000000000
-1;477;;;;;;m23;0,000000000000000;0,000000000000000
-1;478;;;;;;m23;0,000000000000000;0,000000000000000
-1;479;;;;;;m23;0,000000000000000;0,000000000000000
-1;480;;;;;;m23;0,000000000000000;0,000000000000000
-1;481;;;;;;m23;0,000000000000000;0,000000000000000
-1;482;;;;;;m23;0,000000000000000;0,000000000000000
-1;483;;;;;;m23;0,000000000000000;0,000000000000000
-1;484;;;;;;m23;0,000000000000000;0,000000000000000
-1;485;;;;;;m23;0,000000000000000;0,000000000000000
-1;486;;;;;;m23;0,000000000000000;0,000000000000000
-1;487;;;;;;m23;0,000000000000000;0,000000000000000
-1;488;;;;;;m23;0,000000000000000;0,000000000000000
-1;489;;;;;;m23;0,000000000000000;0,000000000000000
-1;490;;;;;;m23;0,000000000000000;0,000000000000000
-1;491;;;;;;m23;0,000000000000000;0,000000000000000
-1;492;;;;;;m23;0,000000000000000;0,000000000000000
-1;493;;;;;;m23;0,000000000000000;0,000000000000000
-1;494;;;;;;m23;0,000000000000000;0,000000000000000
-1;495;;;;;;m23;0,000000000000000;0,000000000000000
-1;496;;;;;;m23;0,000000000000000;0,000000000000000
-1;497;;;;;;m23;0,000000000000000;0,000000000000000
-1;498;;;;;;m23;0,000000000000000;0,000000000000000
-1;499;;;;;;m23;0,000000000000000;0,000000000000000
-1;500;;;;;;m23;0,000000000000000;0,000000000000000
-1;501;;;;;;m23;0,000000000000000;0,000000000000000
-1;502;;;;;;m23;0,000000000000000;0,000000000000000
-1;503;;;;;;m23;0,000000000000000;0,000000000000000
-1;504;;;;;;m23;0,000000000000000;0,000000000000000
-1;505;;;;;;m23;0,000000000000000;0,000000000000000
-1;506;7;;;;;m23;0,000000000000000;0,000000000000000
-1;507;7;;;;;m23;0,000000000000000;0,000000000000000
-1;508;7;;;;;m23;0,000000000000000;0,000000000000000
-1;509;7;;;;;m23;0,000000000000000;0,000000000000000
-1;510;;;;;;m23;0,000000000000000;0,000000000000000
-1;511;7;;;;;m23;0,000000000000000;0,000000000000000
-1;512;7;;;;;m23;0,000000000000000;0,000000000000000
-1;513;7;;;;;m23;0,000000000000000;0,000000000000000
-1;514;7;;;;;m23;0,000000000000000;0,000000000000000
-1;515;7;;;;;m23;0,000000000000000;0,000000000000000
-1;516;7;;;;;m23;0,000000000000000;0,000000000000000
-1;517;7;;;;;m23;0,000000000000000;0,000000000000000
-1;518;7;;;;;m23;0,000000000000000;0,000000000000000
-1;519;7;;;;;m23;0,000000000000000;0,000000000000000
-1;520;7;;;;;m23;0,000000000000000;0,000000000000000
-1;521;;;;;;m23;0,000000000000000;0,000000000000000
-1;522;7;;;;;m23;0,000000000000000;0,000000000000000
-1;523;7;;;;;m23;0,000000000000000;0,000000000000000
-1;524;7;;;;;m23;0,000000000000000;0,000000000000000
-1;525;7;;;;;m23;0,000000000000000;0,000000000000000
-1;526;7;;;;;m23;0,000000000000000;0,000000000000000
-1;527;7;;;;;m23;0,000000000000000;0,000000000000000
-1;528;7;;;;;m23;0,000000000000000;0,000000000000000
-1;529;7;;;;;m23;0,000000000000000;0,000000000000000
-1;530;7;;;;;m23;0,000000000000000;0,000000000000000
-1;531;7;;;;;m23;0,000000000000000;0,000000000000000
-1;532;;;;;;m23;0,000000000000000;0,000000000000000
-1;533;7;;;;;m23;0,000000000000000;0,000000000000000
-1;534;7;;;;;m23;0,000000000000000;0,000000000000000
-1;535;7;;;;;m23;0,000000000000000;0,000000000000000
-1;536;7;;;;;m23;0,000000000000000;0,000000000000000
-1;537;7;;;;;m23;0,000000000000000;0,000000000000000
-1;538;7;;;;;m23;0,000000000000000;0,000000000000000
-1;539;7;;;;;m23;0,000000000000000;0,000000000000000
-1;540;7;;;;;m23;0,000000000000000;0,000000000000000
-1;541;7;;;;;m23;0,000000000000000;0,000000000000000
-1;542;7;;;;;m23;0,000000000000000;0,000000000000000
-1;543;;;;;;m23;0,000000000000000;0,000000000000000
-1;544;7;;;;;m23;0,000000000000000;0,000000000000000
-1;545;7;;;;;m23;0,000000000000000;0,000000000000000
-1;546;7;;;;;m23;0,000000000000000;0,000000000000000
-1;547;7;;;;;m23;0,000000000000000;0,000000000000000
-1;548;7;;;;;m23;0,000000000000000;0,000000000000000
-1;549;7;;;;;m23;0,000000000000000;0,000000000000000
-1;550;7;;;;;m23;0,000000000000000;0,000000000000000
-1;551;7;;;;;m23;0,000000000000000;0,000000000000000
-1;552;7;;;;;m23;0,000000000000000;0,000000000000000
-1;553;7;;;;;m23;0,000000000000000;0,000000000000000
-1;554;;;;;;m23;0,000000000000000;0,000000000000000
-1;555;7;;;;;m23;0,000000000000000;0,000000000000000
-1;556;7;;;;;m23;0,000000000000000;0,000000000000000
-1;557;7;;;;;m23;0,000000000000000;0,000000000000000
-1;558;7;;;;;m23;0,000000000000000;0,000000000000000
-1;559;7;;;;;m23;0,000000000000000;0,000000000000000
-1;560;7;;;;;m23;0,000000000000000;0,000000000000000
-1;561;7;;;;;m23;0,000000000000000;0,000000000000000
-1;562;7;;;;;m23;0,000000000000000;0,000000000000000
-1;563;7;;;;;m23;0,000000000000000;0,000000000000000
-1;564;7;;;;;m23;0,000000000000000;0,000000000000000
-1;565;;;;;;m23;0,000000000000000;0,000000000000000
-1;566;;;;;;m23;0,000000000000000;0,000000000000000
-1;567;7;;;;;m23;0,000000000000000;0,000000000000000
-1;568;7;;;;;m23;0,000000000000000;0,000000000000000
-1;569;7;;;;;m23;0,000000000000000;0,000000000000000
-1;570;7;;;;;m23;0,000000000000000;0,000000000000000
-1;571;7;;;;;m23;0,000000000000000;0,000000000000000
-1;572;7;;;;;m23;0,000000000000000;0,000000000000000
-1;573;7;;;;;m23;0,000000000000000;0,000000000000000
-1;574;7;;;;;m23;0,000000000000000;0,000000000000000
-1;575;7;;;;;m23;0,000000000000000;0,000000000000000
-1;576;7;;;;;m23;0,000000000000000;0,000000000000000
-1;577;;;;;;m23;0,000000000000000;0,000000000000000
-1;578;7;;;;;m23;0,000000000000000;0,000000000000000
-1;579;7;;;;;m23;0,000000000000000;0,000000000000000
-1;580;7;;;;;m23;0,000000000000000;0,000000000000000
-1;581;7;;;;;m23;0,000000000000000;0,000000000000000
-1;582;7;;;;;m23;0,000000000000000;0,000000000000000
-1;583;7;;;;;m23;0,000000000000000;0,000000000000000
-1;584;7;;;;;m23;0,000000000000000;0,000000000000000
-1;585;7;;;;;m23;0,000000000000000;0,000000000000000
-1;586;7;;;;;m23;0,000000000000000;0,000000000000000
-1;587;7;;;;;m23;0,000000000000000;0,000000000000000
-1;588;;;;;;m23;0,000000000000000;0,000000000000000
-1;589;7;;;;;m23;0,000000000000000;0,000000000000000
-1;590;7;;;;;m23;0,000000000000000;0,000000000000000
-1;591;7;;;;;m23;0,000000000000000;0,000000000000000
-1;592;7;;;;;m23;0,000000000000000;0,000000000000000
-1;593;7;;;;;m23;0,000000000000000;0,000000000000000
-1;594;7;;;;;m23;0,000000000000000;0,000000000000000
-1;595;7;;;;;m23;0,000000000000000;0,000000000000000
-1;596;7;;;;;m23;0,000000000000000;0,000000000000000
-1;597;7;;;;;m23;0,000000000000000;0,000000000000000
-1;598;7;;;;;m23;0,000000000000000;0,000000000000000
-1;599;;;;;;m23;0,000000000000000;0,000000000000000
-1;600;7;;;;;m23;0,000000000000000;0,000000000000000
-1;601;7;;;;;m23;0,000000000000000;0,000000000000000
-1;602;7;;;;;m23;0,000000000000000;0,000000000000000
-1;603;7;;;;;m23;0,000000000000000;0,000000000000000
-1;604;7;;;;;m23;0,000000000000000;0,000000000000000
-1;605;7;;;;;m23;0,000000000000000;0,000000000000000
-1;606;7;;;;;m23;0,000000000000000;0,000000000000000
-1;607;7;;;;;m23;0,000000000000000;0,000000000000000
-1;608;7;;;;;m23;0,000000000000000;0,000000000000000
-1;609;7;;;;;m23;0,000000000000000;0,000000000000000
-1;610;;;;;;m23;0,000000000000000;0,000000000000000
-1;611;7;;;;;m23;0,000000000000000;0,000000000000000
-1;612;7;;;;;m23;0,000000000000000;0,000000000000000
-1;613;7;;;;;m23;0,000000000000000;0,000000000000000
-1;614;7;;;;;m23;0,000000000000000;0,000000000000000
-1;615;7;;;;;m23;0,000000000000000;0,000000000000000
-1;616;7;;;;;m23;0,000000000000000;0,000000000000000
-1;617;7;;;;;m23;0,000000000000000;0,000000000000000
-1;618;7;;;;;m23;0,000000000000000;0,000000000000000
-1;619;7;;;;;m23;0,000000000000000;0,000000000000000
-1;620;7;;;;;m23;0,000000000000000;0,000000000000000
-1;621;;;;;;m23;0,000000000000000;0,000000000000000
-1;622;7;;;;;m23;0,000000000000000;0,000000000000000
-1;623;7;;;;;m23;0,000000000000000;0,000000000000000
-1;624;7;;;;;m23;0,000000000000000;0,000000000000000
-1;625;7;;;;;m23;0,000000000000000;0,000000000000000
-1;626;7;;;;;m23;0,000000000000000;0,000000000000000
-1;627;7;;;;;m23;0,000000000000000;0,000000000000000
-1;628;7;;;;;m23;0,000000000000000;0,000000000000000
-1;629;7;;;;;m23;0,000000000000000;0,000000000000000
-1;630;7;;;;;m23;0,000000000000000;0,000000000000000
-1;631;7;;;;;m23;0,000000000000000;0,000000000000000
-1;632;;;;;;m23;0,000000000000000;0,000000000000000
-1;633;7;;;;;m23;0,000000000000000;0,000000000000000
-1;634;7;;;;;m23;0,000000000000000;0,000000000000000
-1;635;7;;;;;m23;0,000000000000000;0,000000000000000
-1;636;7;;;;;m23;0,000000000000000;0,000000000000000
-1;637;7;;;;;m23;0,000000000000000;0,000000000000000
-1;638;7;;;;;m23;0,000000000000000;0,000000000000000
-1;639;7;;;;;m23;0,000000000000000;0,000000000000000
-1;640;7;;;;;m23;0,000000000000000;0,000000000000000
-1;641;7;;;;;m23;0,000000000000000;0,000000000000000
-1;642;7;;;;;m23;0,000000000000000;0,000000000000000
-1;643;;;;;;m23;0,000000000000000;0,000000000000000
-1;644;7;;;;;m23;0,000000000000000;0,000000000000000
-1;645;7;;;;;m23;0,000000000000000;0,000000000000000
-1;646;7;;;;;m23;0,000000000000000;0,000000000000000
-1;647;7;;;;;m23;0,000000000000000;0,000000000000000
-1;648;7;;;;;m23;0,000000000000000;0,000000000000000
-1;649;7;;;;;m23;0,000000000000000;0,000000000000000
-1;650;7;;;;;m23;0,000000000000000;0,000000000000000
-1;651;7;;;;;m23;0,000000000000000;0,000000000000000
-1;652;7;;;;;m23;0,000000000000000;0,000000000000000
-1;653;7;;;;;m23;0,000000000000000;0,000000000000000
-1;654;;;;;;m23;0,000000000000000;0,000000000000000
-1;655;7;;;;;m23;0,000000000000000;0,000000000000000
-1;656;7;;;;;m23;0,000000000000000;0,000000000000000
-1;657;7;;;;;m23;0,000000000000000;0,000000000000000
-1;658;7;;;;;m23;0,000000000000000;0,000000000000000
-1;659;7;;;;;m23;0,000000000000000;0,000000000000000
-1;660;7;;;;;m23;0,000000000000000;0,000000000000000
-1;661;7;;;;;m23;0,000000000000000;0,000000000000000
-1;662;7;;;;;m23;0,000000000000000;0,000000000000000
-1;663;7;;;;;m23;0,000000000000000;0,000000000000000
-1;664;7;;;;;m23;0,000000000000000;0,000000000000000
-1;665;;;;;;m23;0,000000000000000;0,000000000000000
-1;666;7;;;;;m23;0,000000000000000;0,000000000000000
-1;667;7;;;;;m23;0,000000000000000;0,000000000000000
-1;668;7;;;;;m23;0,000000000000000;0,000000000000000
-1;669;7;;;;;m23;0,000000000000000;0,000000000000000
-1;670;7;;;;;m23;0,000000000000000;0,000000000000000
-1;671;7;;;;;m23;0,000000000000000;0,000000000000000
-1;672;7;;;;;m23;0,000000000000000;0,000000000000000
-1;673;7;;;;;m23;0,000000000000000;0,000000000000000
-1;674;7;;;;;m23;0,000000000000000;0,000000000000000
-1;675;7;;;;;m23;0,000000000000000;0,000000000000000
-1;676;;;;;;m23;0,000000000000000;0,000000000000000
-1;677;;;;;;m23;0,000000000000000;0,000000000000000
-1;678;7;;;;;m23;0,000000000000000;0,000000000000000
-1;679;7;;;;;m23;0,000000000000000;0,000000000000000
-1;680;7;;;;;m23;0,000000000000000;0,000000000000000
-1;681;7;;;;;m23;0,000000000000000;0,000000000000000
-1;682;7;;;;;m23;0,000000000000000;0,000000000000000
-1;683;7;;;;;m23;0,000000000000000;0,000000000000000
-1;684;7;;;;;m23;0,000000000000000;0,000000000000000
-1;685;7;;;;;m23;0,000000000000000;0,000000000000000
-1;686;7;;;;;m23;0,000000000000000;0,000000000000000
-1;687;7;;;;;m23;0,000000000000000;0,000000000000000
-1;688;;;;;;m23;0,000000000000000;0,000000000000000
-1;689;7;;;;;m23;0,000000000000000;0,000000000000000
-1;690;7;;;;;m23;0,000000000000000;0,000000000000000
-1;691;7;;;;;m23;0,000000000000000;0,000000000000000
-1;692;7;;;;;m23;0,000000000000000;0,000000000000000
-1;693;7;;;;;m23;0,000000000000000;0,000000000000000
-1;694;7;;;;;m23;0,000000000000000;0,000000000000000
-1;695;7;;;;;m23;0,000000000000000;0,000000000000000
-1;696;7;;;;;m23;0,000000000000000;0,000000000000000
-1;697;7;;;;;m23;0,000000000000000;0,000000000000000
-1;698;7;;;;;m23;0,000000000000000;0,000000000000000
-1;699;;;;;;m23;0,000000000000000;0,000000000000000
-1;700;7;;;;;m23;0,000000000000000;0,000000000000000
-1;701;7;;;;;m23;0,000000000000000;0,000000000000000
-1;702;7;;;;;m23;0,000000000000000;0,000000000000000
-1;703;7;;;;;m23;0,000000000000000;0,000000000000000
-1;704;7;;;;;m23;0,000000000000000;0,000000000000000
-1;705;7;;;;;m23;0,000000000000000;0,000000000000000
-1;706;;;;;;m23;0,000000000000000;0,000000000000000
-1;707;;;;;;m23;0,000000000000000;0,000000000000000
-1;708;;;;;;m23;0,000000000000000;0,000000000000000
-1;709;;;;;;m23;0,000000000000000;0,000000000000000
-1;710;;;;;;m23;0,000000000000000;0,000000000000000
-1;711;;;;;;m23;0,000000000000000;0,000000000000000
-1;712;;;;;;m23;0,000000000000000;0,000000000000000
-1;713;;;;;;m23;0,000000000000000;0,000000000000000
-1;714;;;;;;m23;0,000000000000000;0,000000000000000
-1;715;;;;;;m23;0,000000000000000;0,000000000000000
-1;716;;;;;;m23;0,000000000000000;0,000000000000000
-1;717;;;;;;m23;0,000000000000000;0,000000000000000
-1;718;;;;;;m23;0,000000000000000;0,000000000000000
-1;719;;;;;;m23;0,000000000000000;0,000000000000000
-1;720;;;;;;m23;0,000000000000000;0,000000000000000
-1;721;;;;;;m23;0,000000000000000;0,000000000000000
-1;722;;;;;;m23;0,000000000000000;0,000000000000000
-1;723;;;;;;m23;0,000000000000000;0,000000000000000
-1;724;;;;;;m23;0,000000000000000;0,000000000000000
-1;725;;;;;;m23;0,000000000000000;0,000000000000000
-1;726;;;;;;m23;0,000000000000000;0,000000000000000
-1;727;;;;;;m23;0,000000000000000;0,000000000000000
-1;728;;;;;;m23;0,000000000000000;0,000000000000000
-1;729;;;;;;m23;0,000000000000000;0,000000000000000
-1;730;;;;;;m23;0,000000000000000;0,000000000000000
-1;731;;;;;;m23;0,000000000000000;0,000000000000000
-1;732;;;;;;m23;0,000000000000000;0,000000000000000
-1;733;;;;;;m23;0,000000000000000;0,000000000000000
-1;734;;;;;;m23;0,000000000000000;0,000000000000000
-1;735;;;;;;m23;0,000000000000000;0,000000000000000
-1;736;;;;;;m23;0,000000000000000;0,000000000000000
-1;737;;;;;;m23;0,000000000000000;0,000000000000000
-1;738;;;;;;m23;0,000000000000000;0,000000000000000
-1;739;;;;;;m23;0,000000000000000;0,000000000000000
-1;740;;;;;;m23;0,000000000000000;0,000000000000000
-1;741;;;;;;m23;0,000000000000000;0,000000000000000
-1;742;;;;;;m23;0,000000000000000;0,000000000000000
-1;743;;;;;;m23;0,000000000000000;0,000000000000000
-1;744;;;;;;m23;0,000000000000000;0,000000000000000
-1;745;;;;;;m23;0,000000000000000;0,000000000000000
-1;746;;;;;;m23;0,000000000000000;0,000000000000000
-1;747;;;;;;m23;0,000000000000000;0,000000000000000
-1;748;;;;;;m23;0,000000000000000;0,000000000000000
-1;749;;;;;;m23;0,000000000000000;0,000000000000000
-1;750;;;;;;m23;0,000000000000000;0,000000000000000
-1;751;;;;;;m23;0,000000000000000;0,000000000000000
-1;752;;;;;;m23;0,000000000000000;0,000000000000000
-1;753;;;;;;m23;0,000000000000000;0,000000000000000
-1;754;;;;;;m23;0,000000000000000;0,000000000000000
-1;755;;;;;;m23;0,000000000000000;0,000000000000000
-1;756;;;;;;m23;0,000000000000000;0,000000000000000
-1;757;;;;;;m23;0,000000000000000;0,000000000000000
-1;758;;;;;;m23;0,000000000000000;0,000000000000000
-1;759;;;;;;m23;0,000000000000000;0,000000000000000
-1;760;;;;;;m23;0,000000000000000;0,000000000000000
-1;761;;;;;;m23;0,000000000000000;0,000000000000000
-1;762;;;;;;m23;0,000000000000000;0,000000000000000
-1;763;;;;;;m23;0,000000000000000;0,000000000000000
-1;764;;;;;;m23;0,000000000000000;0,000000000000000
-1;765;;;;;;m23;0,000000000000000;0,000000000000000
-1;766;;;;;;m23;0,000000000000000;0,000000000000000
-1;767;;;;;;m23;0,000000000000000;0,000000000000000
-1;768;;;;;;m23;0,000000000000000;0,000000000000000
-1;769;;;;;;m23;0,000000000000000;0,000000000000000
-1;770;;;;;;m23;0,000000000000000;0,000000000000000
-1;771;;;;;;m23;0,000000000000000;0,000000000000000
-1;772;;;;;;m23;0,000000000000000;0,000000000000000
-1;773;;;;;;m23;0,000000000000000;0,000000000000000
-1;774;;;;;;m23;0,000000000000000;0,000000000000000
-1;775;;;;;;m23;0,000000000000000;0,000000000000000
-1;776;;;;;;m23;0,000000000000000;0,000000000000000
-1;777;;;;;;m23;0,000000000000000;0,000000000000000
-1;778;;;;;;m23;0,000000000000000;0,000000000000000
-1;779;;;;;;m23;0,000000000000000;0,000000000000000
-1;780;;;;;;m23;0,000000000000000;0,000000000000000
-1;781;;;;;;m23;0,000000000000000;0,000000000000000
-1;782;;;;;;m23;0,000000000000000;0,000000000000000
-1;783;;;;;;m23;0,000000000000000;0,000000000000000
-1;784;;;;;;m23;0,000000000000000;0,000000000000000
-1;785;;;;;;m23;0,000000000000000;0,000000000000000
-1;786;;;;;;m23;0,000000000000000;0,000000000000000
-1;787;;;;;;m23;0,000000000000000;0,000000000000000
-1;788;;;;;;m23;0,000000000000000;0,000000000000000
-1;789;;;;;;m23;0,000000000000000;0,000000000000000
-1;790;;;;;;m23;0,000000000000000;0,000000000000000
-1;791;;;;;;m23;0,000000000000000;0,000000000000000
-1;792;;;;;;m23;0,000000000000000;0,000000000000000
-1;793;;;;;;m23;0,000000000000000;0,000000000000000
-1;794;;;;;;m23;0,000000000000000;0,000000000000000
-1;795;;;;;;m23;0,000000000000000;0,000000000000000
-1;796;;;;;;m23;0,000000000000000;0,000000000000000
-1;797;;;;;;m23;0,000000000000000;0,000000000000000
-1;798;;;;;;m23;0,000000000000000;0,000000000000000
-1;799;;;;;;m23;0,000000000000000;0,000000000000000
-1;800;;;;;;m23;0,000000000000000;0,000000000000000
-1;801;;;;;;m23;0,000000000000000;0,000000000000000
-1;802;;;;;;m23;0,000000000000000;0,000000000000000
-1;803;;;;;;m23;0,000000000000000;0,000000000000000
-1;804;;;;;;m23;0,000000000000000;0,000000000000000
-1;805;;;;;;m23;0,000000000000000;0,000000000000000
-1;806;;;;;;m23;0,000000000000000;0,000000000000000
-1;807;;;;;;m23;0,000000000000000;0,000000000000000
-1;808;;;;;;m23;0,000000000000000;0,000000000000000
-1;809;;;;;;m23;0,000000000000000;0,000000000000000
-1;810;;;;;;m23;0,000000000000000;0,000000000000000
-1;811;;;;;;m23;0,000000000000000;0,000000000000000
-1;812;;;;;;m23;0,000000000000000;0,000000000000000
-1;813;;;;;;m23;0,000000000000000;0,000000000000000
-1;814;;;;;;m23;0,000000000000000;0,000000000000000
-1;815;;;;;;m23;0,000000000000000;0,000000000000000
-1;816;;;;;;m23;0,000000000000000;0,000000000000000
-1;817;;;;;;m23;0,000000000000000;0,000000000000000
-1;818;;;;;;m23;0,000000000000000;0,000000000000000
-1;819;;;;;;m23;0,000000000000000;0,000000000000000
-1;820;;;;;;m23;0,000000000000000;0,000000000000000
-1;821;;;;;;m23;0,000000000000000;0,000000000000000
-1;822;;;;;;m23;0,000000000000000;0,000000000000000
-1;823;;;;;;m23;0,000000000000000;0,000000000000000
-1;824;;;;;;m23;0,000000000000000;0,000000000000000
-1;825;;;;;;m23;0,000000000000000;0,000000000000000
-1;826;;;;;;m23;0,000000000000000;0,000000000000000
-1;827;;;;;;m23;0,000000000000000;0,000000000000000
-1;828;;;;;;m23;0,000000000000000;0,000000000000000
-1;829;;;;;;m23;0,000000000000000;0,000000000000000
-1;830;;;;;;m23;0,000000000000000;0,000000000000000
-1;831;;;;;;m23;0,000000000000000;0,000000000000000
-1;832;;;;;;m23;0,000000000000000;0,000000000000000
-1;833;;;;;;m23;0,000000000000000;0,000000000000000
-1;834;;;;;;m23;0,000000000000000;0,000000000000000
-1;835;;;;;;m23;0,000000000000000;0,000000000000000
-1;836;;;;;;m23;0,000000000000000;0,000000000000000
-1;837;;;;;;m23;0,000000000000000;0,000000000000000
-1;838;;;;;;m23;0,000000000000000;0,000000000000000
-1;839;;;;;;m23;0,000000000000000;0,000000000000000
-1;840;;;;;;m23;0,000000000000000;0,000000000000000
-1;841;;;;;;m23;0,000000000000000;0,000000000000000
-1;842;;;;;;m23;0,000000000000000;0,000000000000000
-1;843;;;;;;m23;0,000000000000000;0,000000000000000
-1;844;;;;;;m23;0,000000000000000;0,000000000000000
-1;845;;;;;;m23;0,000000000000000;0,000000000000000
-1;846;;;;;;m23;0,000000000000000;0,000000000000000
-1;847;;;;;;m23;0,000000000000000;0,000000000000000
-1;848;;;;;;m23;0,000000000000000;0,000000000000000
-1;849;;;;;;m23;0,000000000000000;0,000000000000000
-1;850;;;;;;m23;0,000000000000000;0,000000000000000
-1;851;;;;;;m23;0,000000000000000;0,000000000000000
-1;852;;;;;;m23;0,000000000000000;0,000000000000000
-1;853;;;;;;m23;0,000000000000000;0,000000000000000
-1;854;;;;;;m23;0,000000000000000;0,000000000000000
-1;855;;;;;;m23;0,000000000000000;0,000000000000000
-1;856;;;;;;m23;0,000000000000000;0,000000000000000
-1;857;;;;;;m23;0,000000000000000;0,000000000000000
-1;858;;;;;;m23;0,000000000000000;0,000000000000000
-1;859;;;;;;m23;0,000000000000000;0,000000000000000
-1;860;;;;;;m23;0,000000000000000;0,000000000000000
-1;861;;;;;;m23;0,000000000000000;0,000000000000000
-1;862;;;;;;m23;0,000000000000000;0,000000000000000
-1;863;;;;;;m23;0,000000000000000;0,000000000000000
-1;864;;;;;;m23;0,000000000000000;0,000000000000000
-1;865;;;;;;m23;0,000000000000000;0,000000000000000
-1;866;;;;;;m23;0,000000000000000;0,000000000000000
-1;867;;;;;;m23;0,000000000000000;0,000000000000000
-1;868;;;;;;m23;0,000000000000000;0,000000000000000
-1;869;;;;;;m23;0,000000000000000;0,000000000000000
-1;870;;;;;;m23;0,000000000000000;0,000000000000000
-1;871;;;;;;m23;0,000000000000000;0,000000000000000
-1;872;;;;;;m23;0,000000000000000;0,000000000000000
-1;873;;;;;;m23;0,000000000000000;0,000000000000000
-1;874;;;;;;m23;0,000000000000000;0,000000000000000
-1;875;;;;;;m23;0,000000000000000;0,000000000000000
-1;876;;;;;;m23;0,000000000000000;0,000000000000000
-1;877;;;;;;m23;0,000000000000000;0,000000000000000
-1;878;;;;;;m23;0,000000000000000;0,000000000000000
-1;879;;;;;;m23;0,000000000000000;0,000000000000000
-1;880;;;;;;m23;0,000000000000000;0,000000000000000
-1;881;;;;;;m23;0,000000000000000;0,000000000000000
-1;882;;;;;;m23;0,000000000000000;0,000000000000000
-1;883;;;;;;m23;0,000000000000000;0,000000000000000
-1;884;;;;;;m23;0,000000000000000;0,000000000000000
-1;885;;;;;;m23;0,000000000000000;0,000000000000000
-1;886;;;;;;m23;0,000000000000000;0,000000000000000
-1;887;;;;;;m23;0,000000000000000;0,000000000000000
-1;888;;;;;;m23;0,000000000000000;0,000000000000000
-1;889;;;;;;m23;0,000000000000000;0,000000000000000
-1;890;;;;;;m23;0,000000000000000;0,000000000000000
-1;891;;;;;;m23;0,000000000000000;0,000000000000000
-1;892;;;;;;m23;0,000000000000000;0,000000000000000
-1;893;;;;;;m23;0,000000000000000;0,000000000000000
-1;894;;;;;;m23;0,000000000000000;0,000000000000000
-1;895;;;;;;m23;0,000000000000000;0,000000000000000
-1;896;;;;;;m23;0,000000000000000;0,000000000000000
-1;897;;;;;;m23;0,000000000000000;0,000000000000000
-1;898;;;;;;m23;0,000000000000000;0,000000000000000
-1;899;;;;;;m23;0,000000000000000;0,000000000000000
-1;900;;;;;;m23;0,000000000000000;0,000000000000000
-1;901;;;;;;m23;0,000000000000000;0,000000000000000
-1;902;;;;;;m23;0,000000000000000;0,000000000000000
-1;903;;;;;;m23;0,000000000000000;0,000000000000000
-1;904;;;;;;m23;0,000000000000000;0,000000000000000
-1;905;;;;;;m23;0,000000000000000;0,000000000000000
-1;906;;;;;;m23;0,000000000000000;0,000000000000000
-1;907;;;;;;m23;0,000000000000000;0,000000000000000
-1;908;;;;;;m23;0,000000000000000;0,000000000000000
-1;909;;;;;;m23;0,000000000000000;0,000000000000000
-1;910;;;;;;m23;0,000000000000000;0,000000000000000
-1;911;;;;;;m23;0,000000000000000;0,000000000000000
-1;912;;;;;;m23;0,000000000000000;0,000000000000000
-1;913;;;;;;m23;0,000000000000000;0,000000000000000
-1;914;;;;;;m23;0,000000000000000;0,000000000000000
-1;915;;;;;;m23;0,000000000000000;0,000000000000000
-1;916;;;;;;m23;0,000000000000000;0,000000000000000
-1;917;;;;;;m23;0,000000000000000;0,000000000000000
-1;918;;;;;;m23;0,000000000000000;0,000000000000000
-1;919;;;;;;m23;0,000000000000000;0,000000000000000
-1;920;;;;;;m23;0,000000000000000;0,000000000000000
-1;921;;;;;;m23;0,000000000000000;0,000000000000000
-1;922;;;;;;m23;0,000000000000000;0,000000000000000
-1;923;;;;;;m23;0,000000000000000;0,000000000000000
-1;924;;;;;;m23;0,000000000000000;0,000000000000000
-1;925;;;;;;m23;0,000000000000000;0,000000000000000
-1;926;;;;;;m23;0,000000000000000;0,000000000000000
-1;927;;;;;;m23;0,000000000000000;0,000000000000000
-1;928;;;;;;m23;0,000000000000000;0,000000000000000
-1;929;;;;;;m23;0,000000000000000;0,000000000000000
-1;930;;;;;;m23;0,000000000000000;0,000000000000000
-1;931;;;;;;m23;0,000000000000000;0,000000000000000
-1;932;;;;;;m23;0,000000000000000;0,000000000000000
-1;933;;;;;;m23;0,000000000000000;0,000000000000000
-1;934;;;;;;m23;0,000000000000000;0,000000000000000
-1;935;;;;;;m23;0,000000000000000;0,000000000000000
-1;936;;;;;;m23;0,000000000000000;0,000000000000000
-1;937;;;;;;m23;0,000000000000000;0,000000000000000
-1;938;;;;;;m23;0,000000000000000;0,000000000000000
-1;939;;;;;;m23;0,000000000000000;0,000000000000000
-1;940;;;;;;m23;0,000000000000000;0,000000000000000
-1;941;;;;;;m23;0,000000000000000;0,000000000000000
-1;942;;;;;;m23;0,000000000000000;0,000000000000000
-1;943;;;;;;m23;0,000000000000000;0,000000000000000
-1;944;;;;;;m23;0,000000000000000;0,000000000000000
-1;945;;;;;;m23;0,000000000000000;0,000000000000000
-1;946;;;;;;m23;0,000000000000000;0,000000000000000
-1;947;;;;;;m23;0,000000000000000;0,000000000000000
-1;948;;;;;;m23;0,000000000000000;0,000000000000000
-1;949;;;;;;m23;0,000000000000000;0,000000000000000
-1;950;;;;;;m23;0,000000000000000;0,000000000000000
-1;951;;;;;;m23;0,000000000000000;0,000000000000000
-1;952;;;;;;m23;0,000000000000000;0,000000000000000
-1;953;;;;;;m23;0,000000000000000;0,000000000000000
-1;954;;;;;;m23;0,000000000000000;0,000000000000000
-1;955;;;;;;m23;0,000000000000000;0,000000000000000
-1;956;;;;;;m23;0,000000000000000;0,000000000000000
-1;957;;;;;;m23;0,000000000000000;0,000000000000000
-1;958;;;;;;m23;0,000000000000000;0,000000000000000
-1;959;;;;;;m23;0,000000000000000;0,000000000000000
-1;960;;;;;;m23;0,000000000000000;0,000000000000000
-1;961;;;;;;m23;0,000000000000000;0,000000000000000
-1;962;;;;;;m23;0,000000000000000;0,000000000000000
-1;963;;;;;;m23;0,000000000000000;0,000000000000000
-1;964;;;;;;m23;0,000000000000000;0,000000000000000
-1;965;;;;;;m23;0,000000000000000;0,000000000000000
-1;966;;;;;;m23;0,000000000000000;0,000000000000000
-1;967;;;;;;m23;0,000000000000000;0,000000000000000
-1;968;;;;;;m23;0,000000000000000;0,000000000000000
-1;969;;;;;;m23;0,000000000000000;0,000000000000000
-1;970;;;;;;m23;0,000000000000000;0,000000000000000
-1;971;;;;;;m23;0,000000000000000;0,000000000000000
-1;972;;;;;;m23;0,000000000000000;0,000000000000000
-1;973;;;;;;m23;0,000000000000000;0,000000000000000
-1;974;;;;;;m23;0,000000000000000;0,000000000000000
-1;975;;;;;;m23;0,000000000000000;0,000000000000000
-1;976;;;;;;m23;0,000000000000000;0,000000000000000
-1;977;;;;;;m23;0,000000000000000;0,000000000000000
-1;978;;;;;;m23;0,000000000000000;0,000000000000000
-1;979;;;;;;m23;0,000000000000000;0,000000000000000
-1;980;;;;;;m23;0,000000000000000;0,000000000000000
-1;981;;;;;;m23;0,000000000000000;0,000000000000000
-1;982;;;;;;m23;0,000000000000000;0,000000000000000
-1;983;;;;;;m23;0,000000000000000;0,000000000000000
-1;984;;;;;;m23;0,000000000000000;0,000000000000000
-1;985;;;;;;m23;0,000000000000000;0,000000000000000
-1;986;;;;;;m23;0,000000000000000;0,000000000000000
-1;987;;;;;;m23;0,000000000000000;0,000000000000000
-1;988;;;;;;m23;0,000000000000000;0,000000000000000
-1;989;;;;;;m23;0,000000000000000;0,000000000000000
-1;990;;;;;;m23;0,000000000000000;0,000000000000000
-1;991;;;;;;m23;0,000000000000000;0,000000000000000
-1;992;;;;;;m23;0,000000000000000;0,000000000000000
-1;993;;;;;;m23;0,000000000000000;0,000000000000000
-1;994;;;;;;m23;0,000000000000000;0,000000000000000
-1;995;;;;;;m23;0,000000000000000;0,000000000000000
-1;996;;;;;;m23;0,000000000000000;0,000000000000000
-1;997;;;;;;m23;0,000000000000000;0,000000000000000
-1;998;;;;;;m23;0,000000000000000;0,000000000000000
-1;999;;;;;;m23;0,000000000000000;0,000000000000000
-1;1000;;;;;;m23;0,000000000000000;0,000000000000000